{
  "title": "Dicas",
  "body": "Bandeja para Bar Home ou áreas gourmet.\n\nNão existe regra para montar um bandeja-bar, basta usar sua criatividade. Há que goste de usar para taças, bebidas ou até mesmo para decorar seu ambiente.\nIdeal e sempre combinar as cores usando taças coloridas, garrafas de whisky, short e long drinks, nos tons de cores que combina com a cor de sua bandeja. Além da variedade das cores, escolha taças de acordo com o tipo de bebidas que você vai servir ,disbribuindas de forma intercaladas, posicionando as bebidas dispostas na bandeja-bar sejam as preferidas dos anfitriões e dos convidados.\nPara equilibrar as profusão de cores neste seu cantinho especial, escolha um arranjo monocromático para equilibrar a profusão de cores neste cantinho. \n\nBalde de Gelo.\n\nReceber os amigos e família e bom, mais ser um bom anfitrião não e fácil, dá para decorar seu cantinho preferido com coisas simples e que você vai ficar muito satisfeito ,como por exemplo balde de gelo. Ele deixa as bebidas na temperatura certinha por muito tempo e serve tanto para gelar bebidas mais finas, como espumantes e vinhos, como também para cerveja e refrigerantes.\nO legal que ele deixa seu ambiente decorativo ele evitar que você fique levantado toda tempo para pegar bebidas para os convidados,e aproveite mais seu momento com seus amigos e familiares. Nos da BemGasto acreditamos que os momentos de lazer merecem ser desfrutados do começo ao fim. Um simples balde de gelo pode deixar seu ambiente com cara de bar e assim passar aquela sensação de estar sentado no seu bar preferido para isso basta fazer um decoração típica.\n\nComo fazer um Bar home.\n\nVocê gosta de receber família e amigos em casa? Gosta de fazer receitas de drinks e saboreá-las, tem um bar home vai deixar você muito mais conectados com as pessoas. Bar home deixa o ambiente mais requintado e alegre proporcionando momentos agradáveis e únicos de descontração com os amigos e familiares.\nVocê pode escolher um canto de sua casa tipo na sala, cozinha ou até mesmo na aréa gourmet para criar seu bar, pode até ser em uma bancada.\n\nPara realçar e destacar seu Home BAR, você pode utilizar produtos para decorar mesa, bancadas se possivel colocar um luminaria \"Bud,Open Bar,Stella\" esses elementos causam um impacto visual muito bacana deixando muito mais atraente. Pode utilizar um carrinho e decorar ele com bandejas, garrafas combinado cores, são uma ótima opção para que tem pouco espaço . Ideal e você se adaptar ao seu ambiente, para te ajudar a dar aquele charme e ter a sensação de Bar, decore com alguns objetos:\nTaças e copos, Coqueteleira,Balde de Gelo, Canudinhos, Colheres de Dricks, facas, saca-rolhas ,abridores, dosadores de bebidas, bandejas para apoiar garrafas, taças e copos.\nDecore a parade com Quadros e luminosos fica muito bonito.  \n",
  "meta_title": "Dicas",
  "meta_description": "Dicas ",
  "sections": [
    {
      "type": "blog",
      "enabled": true
    }
  ]
}