{
  "youtube": "https://www.youtube.com/watch?v=SfrGIoAdldw",
  "facebook": "https://www.facebook.com/bemgastolj/",
  "phone": "(19) 983760992",
  "doc_number": "27.691.917/0001-36",
  "whatsapp": "(19) 983760992",
  "instagram": "https://www.instagram.com/ljbemgasto/",
  "twitter": "https://twitter.com/ljbemgasto",
  "address": "Escritório: R. João Previtale, 2810 - Jardim da Colina- CEP 13272-315 - Valinhos -SP",
  "pinterest": "https://br.pinterest.com/bemgasto/",
  "email": "atendimento@bemgasto.com.br",
  "linkedin": "https://www.linkedin.com/in/loja-bem-gasto-1593261b2/"
}