{
  "marketing_stripe": {
    "text": "Compras pagas com Pix tem descontos, temos frete Grátis e desconto para algumas regiões.",
    "link": "/promotion",
    "color": "#0c4da2",
    "background": "#f1000b"
  },
  "contacts_stripe": {
    "pages": [
      {
        "title": "Sobre nós",
        "link": "/pages/sobre-nos"
      },
      {
        "title": "Esta loja é um PWA",
        "link": "/posts/esta-loja-e-um-pwa"
      }
    ],
    "phone_wpp": true,
    "socials": true
  },
  "categories_list": {
    "featured": [],
    "random": 6,
    "full_width": false
  },
  "search_input": true
}