{
  "meta_title": "Casa e Decoração | Utensílios domésticos e Produtos de Beleza | Bem Gasto",
  "meta_description": "Bem Gasto - Produtos de Beleza ,Decoração e utensílios domésticos das melhores marcas escolhido para você.",
  "sections": [
    {
      "type": "banner-slider",
      "autoplay": 3000,
      "slides": [
        {
          "start": "2021-03-19T16:51:41.759Z",
          "end": "",
          "img": "/img/uploads/full.jpg",
          "link": "https://www.bemgasto.com.br/search?term=budweser"
        },
        {
          "start": "2021-05-27T02:22:01.108Z",
          "end": "",
          "img": "/img/uploads/banner-juntando-pessoas.png",
          "link": "https://www.bemgasto.com.br/beleza-e-saude"
        },
        {
          "start": "2021-03-16T11:27:41.903Z",
          "end": "",
          "img": "/img/uploads/capachos.jpg",
          "link": "https://www.bemgasto.com.br/capachos"
        },
        {
          "start": "2021-03-16T11:27:59.944Z",
          "end": "",
          "img": "/img/uploads/decoracao.jpg",
          "link": "https://www.bemgasto.com.br/search?term=Decora%C3%A7%C3%A3o"
        }
      ]
    },
    {
      "type": "info-bar",
      "enabled": true
    },
    {
      "type": "custom-html",
      "html": "<div class=\"banner-centro\">\n  <div class=\"container\">\n\n    <div class=\"mini-banner\">\n      <a href=\"https://www.bemgasto.com.br/search?term=harley+davidson\"><img src=\"https://www.bemgasto.com.br/img/uploads/mini1.jpg\"></a>\n    </div>\n\n    <div class=\"mini-banner\">\n      <a href=\"https://www.bemgasto.com.br/search?term=stella\"><img src=\"https://www.bemgasto.com.br/img/uploads/mini2.jpg\"></a>\n    </div>\n\n  </div>\n</div>"
    },
    {
      "type": "collection-shelf",
      "shuffle": true,
      "collection_id": "5f57fe097430f92180ed0727",
      "sort": "lowest_price"
    },
    {
      "type": "collection-shelf",
      "shuffle": true,
      "collection_id": "5f57fea17430f92180ed0781",
      "sort": "news"
    },
    {
      "type": "custom-html",
      "html": "<div class=\"bg-boteco\"></div>"
    },
    {
      "type": "collection-shelf",
      "shuffle": true,
      "collection_id": "5f57fd6e7430f92180ed06f4",
      "sort": "sales",
      "title": ""
    },
    {
      "type": "collection-shelf",
      "shuffle": true,
      "collection_id": "5f58009b7430f92180ed0812",
      "title": "",
      "sort": null
    },
    {
      "type": "collection-shelf",
      "shuffle": true,
      "collection_id": "5f57fede7430f92180ed0798"
    },
    {
      "type": "custom-html",
      "html": "<div class=\"texto-footer\">\n\n\t<div class=\"por-linhas\">\n\t\t<div class=\"title-linhas\">Compre por Linhas</div>\n\t\t<div class=\"box-ico\">\n\t\t\t<ul>\n\t\t\t\t<li><a href=\"https://www.bemgasto.com.br/decoracao\"><img src=\"https://www.bemgasto.com.br/img/uploads/ico_01.png\"></a></li>\n\t\t\t\t<li><a href=\"https://www.bemgasto.com.br/moveis\"><img src=\"https://www.bemgasto.com.br/img/uploads/ico_03.png\"></a></li>\n\t\t\t\t<li><a href=\"https://www.bemgasto.com.br/acessorios\"><img src=\"https://www.bemgasto.com.br/img/uploads/ico_05.png\"></a></li>\n\t\t\t\t<li><a href=\"https://www.bemgasto.com.br/eletronicos\"><img src=\"https://www.bemgasto.com.br/img/uploads/ico_07.png\"></a></li>\n\t\t\t\t<li><a href=\"https://www.bemgasto.com.br/beleza-e-saude\"><img src=\"https://www.bemgasto.com.br/img/uploads/belezaa.png\"></a></li>\n\t\t\t\t<li><a href=\"https://www.bemgasto.com.br/culinaria\"><img src=\"https://www.bemgasto.com.br/img/uploads/ico_11.png\"></a></li>\n\t\t\t</ul>\n\t\t</div>\n\t</div>\n\n\t<div class=\"insta-footer\">\n\t\t<div class=\"title-insta\">@bemgasto<span>confira os últimos posts do nosso instagram</span></div>\n\t\t<div id=\"instagram-feed\" class=\"instagram_feed\"></div>\n\t</div>\n\n\t<div class=\"logo-footer\">\n  \t\t<img src=\"https://www.bemgasto.com.br/img/uploads/logo-footer.png\">\n  \t</div>\n\t\n\t<div class=\"text-footer\"><p>BEM GASTO está presente na sua casa desde 2007. Uma loja que nasce na cidade de Vinhedo com o nome Leci Online loja especializada em equipamentos de informática e variedades, oito anos depois de nossa fundação nos tornamos uma empresa de varejo no Brasil, onde assumimos o compromisso reunir os melhores produtos em decoração para sua casa, com objetivo disseminar a sensação de bem-estar no seu momento de descontração e de lazer, juntando pessoas no mesmo espaço através de nossos produtos decorando seu ambiente. Somos uma empresa familiar que através dos nossos produtos se compromete em oferecer o que há de melhor e mais moderno aos bares, restaurantes, cozinhas e área gourmet, disseminar a sensação de bem-estar e o nosso compromisso.\n\tSeja na sua casa ou no seu restaurante ou bar preferido queremos ser para você uma experiência única.</p>\n\t</div>\n\t\n</div>    \n"
    }
  ]
}